Word,Frequency
achieve,1
advanced,1
agonew,1
algorithms,1
also,1
amazing,1
analatics,1
analysis,5
analyst,2
analysts,1
analytical,2
analytics,2
anyone,1
application,1
appreciate,1
approach,3
ask,1
aspect,1
aspiring,3
assignments,1
atmosphere,2
average,1
basics,2
begin,1
beginner,1
beginners,1
beyond,1
bi,2
bustling,1
case,1
characterized,1
charged,1
chill,1
choice,3
clarity,3
classes,1
coding,1
collaboration,1
commitment,1
community,1
complex,2
comprehensive,2
concept,1
concepts,4
confidence,1
confidently,1
consistently,1
constructive,1
content,1
couldnt,1
course,3
covered,1
covering,1
cultivate,1
curiosity,1
currently,3
curriculum,2
daily,1
data,22
dataplay,8
days,1
deal,1
dedicated,1
deepening,1
deeper,1
deeply,1
developments,1
didnt,1
discussions,1
diving,1
domains,1
doubts,1
dynamic,1
easy,4
education,2
educational,1
effective,1
effectively,1
efficient,2
effort,1
efforts,2
empowering,1
enabling,1
engaged,1
engaging,3
enhance,1
enjoyable,1
enjoyed,1
enrolled,2
ensure,2
entering,2
enthusiasm,1
environment,6
every,6
examples,1
excel,4
excellent,3
exceptional,3
exceptionally,1
exercises,2
experience,15
experienced,2
experts,1
explain,1
explaining,1
explanations,1
extend,1
faculty,1
fantastic,1
features,1
feedback,1
feel,1
field,5
find,1
focused,1
folks,1
fostered,1
friendly,2
functionality,1
fundamentals,1
gain,3
gained,2
gamechanger,1
gem,1
goals,1
going,2
good,14
grasp,1
grateful,1
gratitude,1
great,6
greeted,1
grow,2
growth,1
guidance,4
guide,1
guiding,1
handson,5
hearted,2
help,3
helped,1
helpful,5
helping,1
helps,1
highly,4
im,1
immersive,2
improve,3
improved,1
improvise,1
incredible,1
incredibly,2
industry,1
initiative,2
innovation,1
insightful,2
insights,1
institute,2
institutes,1
institution,1
institutions,1
instructors,3
intellectual,1
interactive,2
interview,1
invaluable,1
job,1
join,1
journey,2
keep,1
knowledge,3
knowledgeable,2
latest,1
leactures,1
learn,1
learning,18
leveling,1
looking,1
maam,4
machine,1
mahima,6
make,4
making,4
mam,2
manageable,1
master,1
material,1
materials,1
maze,1
meantors,1
mentor,1
mentors,6
mentorship,1
methods,2
moreover,1
motivating,1
much,1
multidimensional,1
natural,1
new,1
nice,4
nishant,6
offer,1
offers,2
offline,1
operations,1
organisation,1
organization,1
organized,1
outstanding,3
overall,2
pace,1
patience,1
people,2
perfect,1
personal,1
personalized,2
place,8
platform,1
play,1
plus,2
possible,1
power,2
practical,2
practice,1
precision,1
pro,1
probability,1
problems,1
problemthe,1
productive,1
professional,1
professionals,3
program,1
programthe,1
promise,1
proper,1
provide,3
provided,3
provides,1
put,2
putting,1
quality,1
questions,1
real,1
reallife,1
really,4
realm,1
realworld,3
recommend,2
recommended,2
regularly,1
remarkable,1
remarkably,2
resources,1
respective,1
route,1
scenariosi,1
science,10
scientist,1
scientists,1
seminar,2
session,1
sessions,4
shaping,1
showcases,1
significantly,1
sincere,1
single,2
sir,6
skills,5
small,1
softly,1
start,2
started,1
statistics,2
stay,1
step,2
strengths,1
student,4
students,4
studies,1
study,1
style,1
support,2
supportive,5
sure,1
tailor,1
tasks,2
teach,1
teachers,2
teaching,7
test,1
thing,1
thoroughly,2
thought,1
thrilled,1
throughout,1
timings,1
tons,1
tools,2
top,3
topics,1
topnotch,1
towards,1
track,2
train,1
training,5
transformative,1
trends,1
truly,3
understand,4
understanding,4
understands,1
updated,1
us,1
userfriendly,2
utility,2
valuable,4
vibrant,1
weaknesses,1
well,2
wellstructured,1
whether,1
wish,1
wonder,1
work,5
working,2
world,1
youre,2
